,track_uri,name,album,artist,release_date,length,popularity,danceability,acousticness,energy,instrumentalness,liveness,loudness,speechiness,tempo
0,18vD5tHaVxSvoZo8fuY1OQ,Ten Hour Wave,The Closest Thing to Silence,Ariel Kalma,2024-02-02,205893,27,0.231,0.553,0.29,0.95,0.0654,-9.758,0.0358,113.56
1,0F2aH4OMhhW9rjlgpOL3Uv,Breathing In Three Orbits - Intro,The Closest Thing to Silence,Ariel Kalma,2024-02-02,45720,26,0.345,0.789,0.372,0.000587,0.428,-14.594,0.056,119.679
2,6ma43WNwnj9PVz23eN3Tjc,Breathing In Three Orbits,The Closest Thing to Silence,Ariel Kalma,2024-02-02,359933,26,0.549,0.859,0.422,0.912,0.0897,-10.874,0.0359,126.011
3,4tTQbW1fB1GNNHCvNzTUkQ,The Closest Thing To Silence,The Closest Thing to Silence,Ariel Kalma,2024-02-02,232573,25,0.526,0.81,0.68,0.945,0.114,-11.321,0.0436,125.996
4,04Wfm3CY3fGFUHlyqPcgUM,Dizzy Ditty,The Closest Thing to Silence,Ariel Kalma,2024-02-02,273466,27,0.64,0.906,0.457,0.939,0.109,-13.897,0.0404,98.014
5,1kJAptIU11F4S4NysFmqVI,Une Ombre Légère,The Closest Thing to Silence,Ariel Kalma,2024-02-02,263026,24,0.169,0.747,0.3,0.976,0.178,-12.418,0.0404,125.801
6,3RMEr82qMvQEEB041HqUr9,New Air,The Closest Thing to Silence,Ariel Kalma,2024-02-02,145093,23,0.268,0.986,0.315,0.975,0.119,-17.704,0.0427,101.099
7,0GOc9oERmvXqizjlpO0UWV,Écoute Au Loin,The Closest Thing to Silence,Ariel Kalma,2024-02-02,362893,24,0.396,0.979,0.284,0.866,0.134,-16.264,0.0333,159.997
8,6kcUNMvcjxinGm2VSf5gx8,A Treasure Chest,The Closest Thing to Silence,Ariel Kalma,2024-02-02,372266,23,0.209,0.82,0.32,0.6,0.0934,-13.196,0.037,105.492
9,6RIsMMdUnehFoveGrsT1yv,Stay Centered,The Closest Thing to Silence,Ariel Kalma,2024-02-02,135693,22,0.172,0.94,0.501,0.955,0.0897,-14.926,0.0507,94.072
10,6w61WmgRxX4dbk4dYFdi5y,Stack Attack,The Closest Thing to Silence,Ariel Kalma,2024-02-02,389613,22,0.31,0.692,0.48,0.81,0.101,-16.441,0.0686,111.041
11,18vD5tHaVxSvoZo8fuY1OQ,Ten Hour Wave,The Closest Thing to Silence,Ariel Kalma,2024-02-02,205893,27,0.231,0.553,0.29,0.95,0.0654,-9.758,0.0358,113.56
12,0F2aH4OMhhW9rjlgpOL3Uv,Breathing In Three Orbits - Intro,The Closest Thing to Silence,Ariel Kalma,2024-02-02,45720,26,0.345,0.789,0.372,0.000587,0.428,-14.594,0.056,119.679
13,6ma43WNwnj9PVz23eN3Tjc,Breathing In Three Orbits,The Closest Thing to Silence,Ariel Kalma,2024-02-02,359933,26,0.549,0.859,0.422,0.912,0.0897,-10.874,0.0359,126.011
14,4tTQbW1fB1GNNHCvNzTUkQ,The Closest Thing To Silence,The Closest Thing to Silence,Ariel Kalma,2024-02-02,232573,25,0.526,0.81,0.68,0.945,0.114,-11.321,0.0436,125.996
15,04Wfm3CY3fGFUHlyqPcgUM,Dizzy Ditty,The Closest Thing to Silence,Ariel Kalma,2024-02-02,273466,27,0.64,0.906,0.457,0.939,0.109,-13.897,0.0404,98.014
16,1kJAptIU11F4S4NysFmqVI,Une Ombre Légère,The Closest Thing to Silence,Ariel Kalma,2024-02-02,263026,24,0.169,0.747,0.3,0.976,0.178,-12.418,0.0404,125.801
17,3RMEr82qMvQEEB041HqUr9,New Air,The Closest Thing to Silence,Ariel Kalma,2024-02-02,145093,23,0.268,0.986,0.315,0.975,0.119,-17.704,0.0427,101.099
18,0GOc9oERmvXqizjlpO0UWV,Écoute Au Loin,The Closest Thing to Silence,Ariel Kalma,2024-02-02,362893,24,0.396,0.979,0.284,0.866,0.134,-16.264,0.0333,159.997
19,6kcUNMvcjxinGm2VSf5gx8,A Treasure Chest,The Closest Thing to Silence,Ariel Kalma,2024-02-02,372266,23,0.209,0.82,0.32,0.6,0.0934,-13.196,0.037,105.492
20,6RIsMMdUnehFoveGrsT1yv,Stay Centered,The Closest Thing to Silence,Ariel Kalma,2024-02-02,135693,22,0.172,0.94,0.501,0.955,0.0897,-14.926,0.0507,94.072
21,6w61WmgRxX4dbk4dYFdi5y,Stack Attack,The Closest Thing to Silence,Ariel Kalma,2024-02-02,389613,22,0.31,0.692,0.48,0.81,0.101,-16.441,0.0686,111.041
22,1lqMLr9Wj7SM2F9AikGcxN,Hurricane,Desire,Bob Dylan,1976-01-16,512732,69,0.509,0.0409,0.827,0.0,0.12,-7.715,0.0782,135.601
23,5j216bw8PG0EcIdfu92k4l,Isis,Desire,Bob Dylan,1976-01-16,418293,47,0.516,0.126,0.717,0.0,0.186,-7.142,0.0343,147.957
24,1gpQMd0R3blMSn8vhXU0Uu,Mozambique,Desire,Bob Dylan,1976-01-16,180800,47,0.726,0.0452,0.864,0.000159,0.109,-8.191,0.0293,127.68
25,4WOruM7TiQSETsWYy8bDSX,One More Cup of Coffee,Desire,Bob Dylan,1976-01-16,224733,57,0.533,0.167,0.473,2.02e-06,0.0899,-9.477,0.0304,139.193
26,4JtK4KieKw8mlPAIX4ODht,"Oh, Sister",Desire,Bob Dylan,1976-01-16,241773,43,0.579,0.0249,0.391,0.00014,0.175,-9.756,0.0295,123.128
27,3sXLemtrtO6ygZF0G4OIwI,Joey,Desire,Bob Dylan,1976-01-16,665133,40,0.533,0.241,0.529,0.000266,0.116,-10.404,0.0328,116.814
28,1OT1G66Lt9EpKFWkwK8i9z,Romance in Durango,Desire,Bob Dylan,1976-01-16,344333,41,0.328,0.236,0.541,0.0,0.386,-7.782,0.0321,169.035
29,2OqE96IZhnQ7uNunN6Opag,Black Diamond Bay,Desire,Bob Dylan,1976-01-16,449000,40,0.579,0.154,0.831,1.85e-05,0.165,-7.943,0.0367,97.622
30,4WbP5AjT2RFb3paBBD2BRM,Sara,Desire,Bob Dylan,1976-01-16,331493,46,0.43,0.36,0.504,0.0,0.0799,-8.997,0.0382,156.223
31,3bCmDqflFBHijgJfvtqev5,1/1 - Remastered 2004,Ambient 1: Music For Airports (Remastered 2004),Brian Eno,1978,1041520,54,0.26,0.982,0.00397,0.913,0.102,-31.095,0.0406,82.862
32,1Qr6LFKNBFNNa2y6nMDO31,2/1 - Remastered 2004,Ambient 1: Music For Airports (Remastered 2004),Brian Eno,1978,534213,48,0.119,0.945,0.0758,0.973,0.0497,-23.943,0.0536,94.577
33,5z1E46RvhI34TTM2FDMPrp,1/2 - Remastered 2004,Ambient 1: Music For Airports (Remastered 2004),Brian Eno,1978,727080,47,0.133,0.972,0.0159,0.943,0.089,-25.925,0.0481,80.176
34,3QpN3dazIcMNqru0L1qLMt,2/2 - Remastered 2004,Ambient 1: Music For Airports (Remastered 2004),Brian Eno,1978,578466,47,0.063,0.976,0.0295,0.947,0.108,-25.697,0.0361,67.369
35,1WfAZ44BLTuERjQVzC0SHI,Kick (Disco Mix),Junk,Brion Gysin,2024-01-26,401586,24,0.772,0.0424,0.804,0.535,0.288,-11.006,0.0503,111.541
36,5llk3UxSq9aiYuHFwIJAFI,Sham Pain,Junk,Brion Gysin,2024-01-26,296400,23,0.821,0.0461,0.622,0.52,0.189,-10.49,0.0355,115.705
37,6rBg5RnotdqDTSDv2IfdRH,Junk,Junk,Brion Gysin,2024-01-26,205693,21,0.716,0.00915,0.62,0.894,0.0316,-11.238,0.0505,116.186
38,5IcA7GsAGDyu1hfO1aUNdK,Stop Smoking,Junk,Brion Gysin,2024-01-26,281578,20,0.797,0.184,0.715,0.113,0.0573,-10.022,0.0405,108.628
39,7vzp0jZLZkCe0ou3Sp30Fc,Baboon,Junk,Brion Gysin,2024-01-26,256773,18,0.734,0.424,0.452,0.0501,0.0736,-13.18,0.0489,116.932
40,39YxZpUawG0KombQBwILMW,V. V. V.,Junk,Brion Gysin,2024-01-26,104266,18,0.703,0.0789,0.58,0.000142,0.156,-12.542,0.0589,121.585
41,0wvQzO9LcaI64boYjdLt3m,All Those Years,Junk,Brion Gysin,2024-01-26,205066,19,0.827,0.674,0.274,0.00741,0.106,-15.825,0.0764,82.017
42,6z0azGZFt8iSVHHIIsDX4L,"Kick 7"" (Alternate Mix)",Junk,Brion Gysin,2024-01-26,250563,17,0.796,0.00354,0.683,0.59,0.244,-12.001,0.0694,111.755
43,0PHma8ywqS7gJX3n2gDTok,Stop Smoking (Alternate Mix),Junk,Brion Gysin,2024-01-26,295932,15,0.778,0.7,0.645,0.212,0.373,-14.418,0.0508,108.307
44,53GuV85UOpVNaNd2Kysd8X,"Kick 7"" version (Instrumental)",Junk,Brion Gysin,2024-01-26,248885,14,0.769,0.0914,0.657,0.69,0.224,-13.122,0.0424,112.065
45,4SlhshDDZUnJCOaJ33KZAj,Earth Sign,What Now,Brittany Howard,2024-02-09,218560,53,0.265,0.0451,0.874,8.57e-05,0.104,-5.011,0.0962,109.79
46,7Gzm2IS4zLi5W46dudWn7H,I Don't,What Now,Brittany Howard,2024-02-09,202720,53,0.533,0.881,0.608,0.528,0.116,-9.336,0.0562,148.69
47,1WAjkljaKkFILaxlsGlSfh,What Now,What Now,Brittany Howard,2024-02-09,226680,55,0.751,0.131,0.93,0.00197,0.0975,-4.686,0.0775,99.946
48,407FU0CLho5qSOaEaPx7QU,Red Flags,What Now,Brittany Howard,2024-02-09,267093,52,0.608,0.175,0.679,0.0267,0.103,-7.467,0.11,119.943
49,6AvISz639vIJ2CKOi5xfZm,To Be Still,What Now,Brittany Howard,2024-02-09,147773,51,0.563,0.974,0.223,0.000385,0.108,-12.265,0.04,120.066
50,5fg3eL4yInuOQ6HkZTXxZP,Interlude,What Now,Brittany Howard,2024-02-09,38066,50,0.331,0.864,0.421,0.00854,0.247,-22.789,0.0561,145.217
51,300VBRNOhIfG3A5w4n9Iqa,Another Day,What Now,Brittany Howard,2024-02-09,134226,50,0.638,0.288,0.828,2.85e-06,0.14,-7.554,0.185,130.13
52,0w9eE1YhhHG4pTGK2eaWhs,Prove It To You,What Now,Brittany Howard,2024-02-09,200706,51,0.708,0.00652,0.714,0.0406,0.0903,-7.009,0.0664,129.872
53,48AkypfLAIJVsCSo10HFgW,Samson,What Now,Brittany Howard,2024-02-09,317386,50,0.496,0.952,0.351,0.0505,0.107,-13.133,0.0515,114.617
54,6WFx6lk1sVDDrq9il4goNl,Patience,What Now,Brittany Howard,2024-02-09,196000,48,0.619,0.443,0.644,1.63e-05,0.152,-6.461,0.0491,125.993
55,37u7C5ru19nuE4VWvYpL0B,Power To Undo,What Now,Brittany Howard,2024-02-09,170293,49,0.617,0.139,0.827,0.0,0.435,-5.854,0.05,111.468
56,4q5Zm3xASiLAeVyUKeVRuG,Every Color In Blue,What Now,Brittany Howard,2024-02-09,186933,48,0.47,0.488,0.769,0.0475,0.12,-6.246,0.111,81.607
57,4SlhshDDZUnJCOaJ33KZAj,Earth Sign,What Now,Brittany Howard,2024-02-09,218560,53,0.265,0.0451,0.874,8.57e-05,0.104,-5.011,0.0962,109.79
58,7Gzm2IS4zLi5W46dudWn7H,I Don't,What Now,Brittany Howard,2024-02-09,202720,53,0.533,0.881,0.608,0.528,0.116,-9.336,0.0562,148.69
59,1WAjkljaKkFILaxlsGlSfh,What Now,What Now,Brittany Howard,2024-02-09,226680,55,0.751,0.131,0.93,0.00197,0.0975,-4.686,0.0775,99.946
60,407FU0CLho5qSOaEaPx7QU,Red Flags,What Now,Brittany Howard,2024-02-09,267093,52,0.608,0.175,0.679,0.0267,0.103,-7.467,0.11,119.943
61,6AvISz639vIJ2CKOi5xfZm,To Be Still,What Now,Brittany Howard,2024-02-09,147773,51,0.563,0.974,0.223,0.000385,0.108,-12.265,0.04,120.066
62,5fg3eL4yInuOQ6HkZTXxZP,Interlude,What Now,Brittany Howard,2024-02-09,38066,50,0.331,0.864,0.421,0.00854,0.247,-22.789,0.0561,145.217
63,300VBRNOhIfG3A5w4n9Iqa,Another Day,What Now,Brittany Howard,2024-02-09,134226,50,0.638,0.288,0.828,2.85e-06,0.14,-7.554,0.185,130.13
64,0w9eE1YhhHG4pTGK2eaWhs,Prove It To You,What Now,Brittany Howard,2024-02-09,200706,51,0.708,0.00652,0.714,0.0406,0.0903,-7.009,0.0664,129.872
65,48AkypfLAIJVsCSo10HFgW,Samson,What Now,Brittany Howard,2024-02-09,317386,50,0.496,0.952,0.351,0.0505,0.107,-13.133,0.0515,114.617
66,6WFx6lk1sVDDrq9il4goNl,Patience,What Now,Brittany Howard,2024-02-09,196000,48,0.619,0.443,0.644,1.63e-05,0.152,-6.461,0.0491,125.993
67,37u7C5ru19nuE4VWvYpL0B,Power To Undo,What Now,Brittany Howard,2024-02-09,170293,49,0.617,0.139,0.827,0.0,0.435,-5.854,0.05,111.468
68,4q5Zm3xASiLAeVyUKeVRuG,Every Color In Blue,What Now,Brittany Howard,2024-02-09,186933,48,0.47,0.488,0.769,0.0475,0.12,-6.246,0.111,81.607
69,51zLiDo0u9xsbVXvUxBf7n,When Mama Was Moth,Head Over Heels,Cocteau Twins,1983-10-31,186333,38,0.17,0.000112,0.502,0.632,0.16,-10.534,0.0487,115.925
70,18Rbm3tXY2aCqLwRQL9gHu,Five Ten Fiftyfold,Head Over Heels,Cocteau Twins,1983-10-31,299626,40,0.308,0.000115,0.744,0.27,0.294,-8.617,0.0522,90.02
71,28gz2W2KMsn1QnvojoWPqv,Sugar Hiccup,Head Over Heels,Cocteau Twins,1983-10-31,221466,53,0.0999,7.62e-05,0.866,0.975,0.226,-10.024,0.11,169.427
72,4MaTOuX0QlD6Tla2ig7X80,In Our Angelhood,Head Over Heels,Cocteau Twins,1983-10-31,179733,46,0.311,3.89e-06,0.962,0.929,0.334,-7.799,0.0822,151.142
73,3p9OGmeESADZmeJEHUVnXV,Glass Candle Grenades,Head Over Heels,Cocteau Twins,1983-10-31,164866,35,0.177,1.5e-06,0.637,0.867,0.144,-9.693,0.0722,116.648
74,3cncUbvmRdvKS4PDUlXlOH,In The Gold Dust Rush,Head Over Heels,Cocteau Twins,1983-10-31,221360,37,0.466,1.14e-05,0.851,0.864,0.236,-9.982,0.0662,110.105
75,6VpO7nynqyaNGlIHJOQakW,The Tinderbox (of A Heart),Head Over Heels,Cocteau Twins,1983-10-31,297266,35,0.488,0.00955,0.888,0.702,0.259,-10.307,0.0827,110.171
76,3h6setmoTDWLBevLWuYJBn,Multifoiled,Head Over Heels,Cocteau Twins,1983-10-31,156200,37,0.254,0.000889,0.813,0.577,0.128,-9.918,0.078,179.56
77,5kVOIixeGiFGY8cvWsiGgZ,My Love Paramour,Head Over Heels,Cocteau Twins,1983-10-31,219506,36,0.432,0.000141,0.828,0.0875,0.102,-8.78,0.0642,88.488
78,6ZQs32DQEou9ABQy02awdX,Musette And Drums,Head Over Heels,Cocteau Twins,1983-10-31,279733,42,0.341,3.73e-05,0.95,0.834,0.764,-6.917,0.154,101.742
79,5EdFSTPEB5TE0WDkx7wKYE,The Squirrel is a Funny Thing...,Waillee Waillee,Dorothy Carter,2023-12-01,208666,31,0.154,0.71,0.571,0.777,0.101,-9.443,0.0333,160.626
80,1QhmvNq2DFi78vXo8Msjuv,Dulcimer Medley — Robin M'aime,Waillee Waillee,Dorothy Carter,2023-12-01,122066,24,0.426,0.713,0.412,0.00699,0.0695,-9.421,0.0278,88.175
81,0wySvec6wvqN88EENX80Cm,Along the River,Waillee Waillee,Dorothy Carter,2023-12-01,339066,28,0.171,0.801,0.322,0.688,0.0839,-11.122,0.0327,86.485
82,2lVEtKYn47ne8bcv3UA8Zz,Summer Rhapsody,Waillee Waillee,Dorothy Carter,2023-12-01,429520,23,0.237,0.772,0.588,0.983,0.14,-10.675,0.0375,118.394
83,2wOC7b4Wd2LcKafg7aVsj3,"Waillee, Waillee",Waillee Waillee,Dorothy Carter,2023-12-01,321426,25,0.352,0.856,0.373,0.763,0.0907,-10.391,0.027,91.051
84,259nKnhaknE1Dq9Y7FZsHO,Celtic Medley,Waillee Waillee,Dorothy Carter,2023-12-01,258413,21,0.357,0.885,0.133,0.144,0.119,-11.841,0.0371,109.676
85,6Jw8JieBZgBzct1Virdv9I,Autumn Song,Waillee Waillee,Dorothy Carter,2023-12-01,347946,27,0.253,0.712,0.801,0.918,0.124,-8.237,0.0369,102.87
86,4ek8VCRQSWfagh9PUgl67h,Tree of Life,Waillee Waillee,Dorothy Carter,2023-12-01,349986,21,0.159,0.971,0.267,0.93,0.127,-11.7,0.0377,133.177
87,2FYi8gYVr3ZbYeOs3ZSD50,LFO (Lupe Finds Oliveros),PHASOR,Helado Negro,2024-02-09,186666,49,0.398,0.561,0.688,0.0136,0.746,-9.277,0.0601,135.126
88,2Zh41da2DWv7HnUkM7LLxY,I Just Want To Wake Up With You,PHASOR,Helado Negro,2024-02-09,230400,51,0.72,0.339,0.534,0.433,0.129,-9.602,0.0817,100.045
89,6AwnFyD3ipazsvlgasiIMd,Best For You and Me,PHASOR,Helado Negro,2024-02-09,185263,52,0.675,0.535,0.503,0.775,0.12,-10.199,0.0734,171.117
90,0bYNCS0c6Uimpjcr2gswF0,Colores Del Mar,PHASOR,Helado Negro,2024-02-09,224845,53,0.836,0.741,0.362,0.606,0.111,-12.282,0.134,96.993
91,5FYdwJ6ZFmB8o5LTdeyiNR,Echo Tricks Me,PHASOR,Helado Negro,2024-02-09,249160,48,0.449,0.749,0.447,0.702,0.0911,-13.443,0.0609,130.944
92,2289HHKbvNgNPobou0Dexl,Out There,PHASOR,Helado Negro,2024-02-09,294666,47,0.649,0.743,0.536,0.799,0.0868,-12.386,0.0427,90.02
93,2rKFsHu1ac45nxrs6Lyxls,Flores,PHASOR,Helado Negro,2024-02-09,199672,46,0.518,0.841,0.186,0.18,0.123,-12.804,0.0416,121.917
94,4d2Ydkg8cKQDqfSZUH1nik,Wish You Could Be Here,PHASOR,Helado Negro,2024-02-09,233142,46,0.649,0.184,0.766,0.834,0.133,-10.419,0.0386,139.994
95,6rOsHU66NxSNsJP6Mdd3V9,Es Una Fantasia,PHASOR,Helado Negro,2024-02-09,302400,45,0.411,0.675,0.34,0.0162,0.119,-14.179,0.112,73.271
96,2FYi8gYVr3ZbYeOs3ZSD50,LFO (Lupe Finds Oliveros),PHASOR,Helado Negro,2024-02-09,186666,49,0.398,0.561,0.688,0.0136,0.746,-9.277,0.0601,135.126
97,2Zh41da2DWv7HnUkM7LLxY,I Just Want To Wake Up With You,PHASOR,Helado Negro,2024-02-09,230400,51,0.72,0.339,0.534,0.433,0.129,-9.602,0.0817,100.045
98,6AwnFyD3ipazsvlgasiIMd,Best For You and Me,PHASOR,Helado Negro,2024-02-09,185263,52,0.675,0.535,0.503,0.775,0.12,-10.199,0.0734,171.117
99,0bYNCS0c6Uimpjcr2gswF0,Colores Del Mar,PHASOR,Helado Negro,2024-02-09,224845,53,0.836,0.741,0.362,0.606,0.111,-12.282,0.134,96.993
100,5FYdwJ6ZFmB8o5LTdeyiNR,Echo Tricks Me,PHASOR,Helado Negro,2024-02-09,249160,48,0.449,0.749,0.447,0.702,0.0911,-13.443,0.0609,130.944
101,2289HHKbvNgNPobou0Dexl,Out There,PHASOR,Helado Negro,2024-02-09,294666,47,0.649,0.743,0.536,0.799,0.0868,-12.386,0.0427,90.02
102,2rKFsHu1ac45nxrs6Lyxls,Flores,PHASOR,Helado Negro,2024-02-09,199672,46,0.518,0.841,0.186,0.18,0.123,-12.804,0.0416,121.917
103,4d2Ydkg8cKQDqfSZUH1nik,Wish You Could Be Here,PHASOR,Helado Negro,2024-02-09,233142,46,0.649,0.184,0.766,0.834,0.133,-10.419,0.0386,139.994
104,6rOsHU66NxSNsJP6Mdd3V9,Es Una Fantasia,PHASOR,Helado Negro,2024-02-09,302400,45,0.411,0.675,0.34,0.0162,0.119,-14.179,0.112,73.271
105,2FYi8gYVr3ZbYeOs3ZSD50,LFO (Lupe Finds Oliveros),PHASOR,Helado Negro,2024-02-09,186666,49,0.398,0.561,0.688,0.0136,0.746,-9.277,0.0601,135.126
106,2Zh41da2DWv7HnUkM7LLxY,I Just Want To Wake Up With You,PHASOR,Helado Negro,2024-02-09,230400,51,0.72,0.339,0.534,0.433,0.129,-9.602,0.0817,100.045
107,6AwnFyD3ipazsvlgasiIMd,Best For You and Me,PHASOR,Helado Negro,2024-02-09,185263,52,0.675,0.535,0.503,0.775,0.12,-10.199,0.0734,171.117
108,0bYNCS0c6Uimpjcr2gswF0,Colores Del Mar,PHASOR,Helado Negro,2024-02-09,224845,53,0.836,0.741,0.362,0.606,0.111,-12.282,0.134,96.993
109,5FYdwJ6ZFmB8o5LTdeyiNR,Echo Tricks Me,PHASOR,Helado Negro,2024-02-09,249160,48,0.449,0.749,0.447,0.702,0.0911,-13.443,0.0609,130.944
110,2289HHKbvNgNPobou0Dexl,Out There,PHASOR,Helado Negro,2024-02-09,294666,47,0.649,0.743,0.536,0.799,0.0868,-12.386,0.0427,90.02
111,2rKFsHu1ac45nxrs6Lyxls,Flores,PHASOR,Helado Negro,2024-02-09,199672,46,0.518,0.841,0.186,0.18,0.123,-12.804,0.0416,121.917
112,4d2Ydkg8cKQDqfSZUH1nik,Wish You Could Be Here,PHASOR,Helado Negro,2024-02-09,233142,46,0.649,0.184,0.766,0.834,0.133,-10.419,0.0386,139.994
113,6rOsHU66NxSNsJP6Mdd3V9,Es Una Fantasia,PHASOR,Helado Negro,2024-02-09,302400,45,0.411,0.675,0.34,0.0162,0.119,-14.179,0.112,73.271
114,54KEm0VI9i3ic7VHHKHKRx,¿Cómo Así?,ORQUÍDEAS,Kali Uchis,2024-01-12,169654,77,0.733,0.0429,0.825,0.31,0.126,-7.781,0.0825,135.985
115,5mVkTPlTPxlQOn7kEvuM3j,Me Pongo Loca,ORQUÍDEAS,Kali Uchis,2024-01-12,177815,75,0.773,0.0355,0.643,0.357,0.108,-9.457,0.0477,114.997
116,6XaJfhwof7qIgbbXO5tIQI,Igual Que Un Ángel (with Peso Pluma),ORQUÍDEAS,Kali Uchis,2024-01-12,260370,96,0.685,0.00348,0.61,0.00054,0.183,-5.36,0.0343,107.999
117,52x8HIGuk1gGTlvO8CuLNS,Pensamientos Intrusivos,ORQUÍDEAS,Kali Uchis,2024-01-12,192027,78,0.708,0.58,0.571,0.00877,0.11,-8.346,0.041,119.995
118,3RleMgz4iO0BNezGdSxDnY,Diosa,ORQUÍDEAS,Kali Uchis,2024-01-12,156037,77,0.803,0.0711,0.847,0.000437,0.0752,-5.961,0.0763,107.987
119,1NEBuFp0BJMikgXJI9VVab,Te Mata,ORQUÍDEAS,Kali Uchis,2024-01-12,232066,76,0.426,0.776,0.634,0.0,0.109,-4.798,0.0373,111.387
120,43oIvC7HVMKkAvuPr4Kt4A,Perdiste,ORQUÍDEAS,Kali Uchis,2024-01-12,144165,74,0.736,0.105,0.563,1.18e-05,0.0764,-6.09,0.041,103.931
121,2R6tflIwv19qoYxg5hYLVh,Young Rich & In Love,ORQUÍDEAS,Kali Uchis,2024-01-12,198300,74,0.637,0.313,0.452,0.00013,0.138,-8.28,0.0315,103.072
122,59ak5RmKdyspU26ifSg0rW,Tu Corazón Es Mío...,ORQUÍDEAS,Kali Uchis,2024-01-12,165845,74,0.678,0.25,0.501,0.000148,0.157,-8.321,0.0278,106.014
123,20LZsv2s3dXvoBuPUEOlAv,Muñekita (with El Alfa & JT),ORQUÍDEAS,Kali Uchis,2024-01-12,219642,75,0.677,0.0743,0.818,0.00042,0.297,-3.439,0.236,111.961
124,5ycn8M0WNGedabDuaH9mQT,Labios Mordidos (with KAROL G),ORQUÍDEAS,Kali Uchis,2024-01-12,195373,79,0.72,0.286,0.883,6.58e-05,0.284,-4.973,0.0587,89.963
125,16pNGHrUDtUq5Qg4LnueIi,No Hay Ley Parte 2 (with Rauw Alejandro),ORQUÍDEAS,Kali Uchis,2024-01-12,188268,79,0.791,0.0261,0.664,0.0,0.2,-6.183,0.057,119.962
126,0xuR1uorCHBfBi0HDZPSYi,Heladito,ORQUÍDEAS,Kali Uchis,2024-01-12,144135,73,0.582,0.0814,0.662,0.0,0.319,-5.103,0.0335,85.972
127,21RAJfkAbaq85RWJQWoxkx,Dame Beso // Muévete,ORQUÍDEAS,Kali Uchis,2024-01-12,215666,78,0.438,0.0694,0.894,1.85e-06,0.15,-4.36,0.122,149.854
128,778WCHOLZdUEbz1nQ3PbCt,Move Your Heart,Hudson River Wind Meditations,Lou Reed,2007-04-24,1735560,41,0.221,0.992,0.00636,0.889,0.106,-36.548,0.0419,73.106
129,2d99Je4vkHRtKBVmMLajqr,Find Your Note,Hudson River Wind Meditations,Lou Reed,2007-04-24,1895040,31,0.0558,0.929,0.000222,0.894,0.107,-31.865,0.0631,69.145
130,0MojeQOAiJqmpFpWulC3kN,Hudson River Wind (Blend The Ambiance),Hudson River Wind Meditations,Lou Reed,2007-04-24,111400,29,0.167,0.834,0.186,0.998,0.109,-29.603,0.119,122.777
131,0usjnwYFIaYMqQtx9IZ5HE,Wind Coda,Hudson River Wind Meditations,Lou Reed,2007-04-24,322826,31,0.148,0.944,0.00276,0.729,0.0954,-32.504,0.0536,74.839
132,4Ppgwm2b9Kdhhuai1Ab0KT,Chasing A Bee,Yerself Is Steam,Mercury Rev,1991,428560,30,0.228,0.00266,0.624,0.578,0.204,-10.282,0.0621,123.594
133,5cqEVdVx7N9VBPK4sAzb4o,Syringe Mouth,Yerself Is Steam,Mercury Rev,1991,240000,24,0.204,0.205,0.983,0.778,0.101,-7.146,0.16,150.509
134,2fYZT5fsni7SGsgG9bQJ74,Coney Island Cyclone,Yerself Is Steam,Mercury Rev,1991,154360,24,0.293,0.00336,0.556,0.00627,0.517,-11.43,0.0309,100.769
135,6ZYxWZEhMwiong8cxpK29r,Blue And Black,Yerself Is Steam,Mercury Rev,1991,357733,21,0.244,0.711,0.265,0.893,0.0241,-19.114,0.0329,140.1
136,39KioCHDLe5E6vV2njgwl0,Sweet Oddysee Of A Cancer Cell T' Center Of Yer Heart,Yerself Is Steam,Mercury Rev,1991,456973,20,0.0784,1.17e-05,0.613,0.686,0.298,-11.955,0.0494,80.545
137,12JdbHwi3Kms6J8Zadqu5X,Frittering,Yerself Is Steam,Mercury Rev,1991,525693,23,0.234,0.000914,0.452,0.863,0.0747,-11.695,0.0332,150.417
138,50dqiONim47ewlUbKTK3Qn,Continuous Trucks And Thunder Under A Mother's Smile,Yerself Is Steam,Mercury Rev,1991,39666,17,0.278,0.239,0.725,0.953,0.354,-8.934,0.141,175.885
139,1Q3pd5IsLsWPJ8aCer7g1G,Very Sleepy Rivers,Yerself Is Steam,Mercury Rev,1991,1200533,19,0.263,0.000605,0.482,0.292,0.348,-11.958,0.0607,129.908
140,5eFPuyUcLtyGEfXSGQv2Ee,16:9,init ding + _snd (Remastered),Microstoria,1996,286626,27,0.244,0.708,0.392,0.972,0.0954,-16.904,0.05,123.275
141,569b7UKCi5vu5mGnWs8Q1S,Slap Top,init ding + _snd (Remastered),Microstoria,1996,243706,25,0.37,0.919,0.389,0.933,0.0963,-16.517,0.0554,126.976
142,7BeQLklgIyIO5klBuQIqjG,File Care,init ding + _snd (Remastered),Microstoria,1996,283133,24,0.305,0.902,0.188,0.916,0.0923,-25.609,0.133,135.242
143,4B2fuve09nPAHT9PzYQnIg,Ecclectrig,init ding + _snd (Remastered),Microstoria,1996,282000,22,0.179,0.819,0.235,0.876,0.491,-25.047,0.0684,65.48
144,4f6ayrBlBtOychiur1WdC9,Fund,init ding + _snd (Remastered),Microstoria,1996,180666,21,0.355,0.957,0.364,0.891,0.159,-16.08,0.0655,105.925
145,2Zoamm6powutZNLFhjnM3E,Zuhause,init ding + _snd (Remastered),Microstoria,1996,269333,21,0.296,0.412,0.473,0.53,0.0968,-16.812,0.0908,81.164
146,3Xfgxh3LxIOI1byEdabSXX,Edu,init ding + _snd (Remastered),Microstoria,1996,267826,20,0.527,0.327,0.351,0.913,0.109,-15.298,0.0392,126.258
147,2ThqWzwmlkkUd5wICMDdKg,Pokus,init ding + _snd (Remastered),Microstoria,1996,364200,19,0.402,0.882,0.0328,0.909,0.0974,-23.016,0.0417,112.165
148,0v85CBtQOhmfdSUOgmI9jx,Communerism,init ding + _snd (Remastered),Microstoria,1996,331466,18,0.152,0.792,0.166,0.862,0.0992,-22.354,0.0554,72.856
149,4Z776EqorZ5dwrcpDKMjRe,Dokumint,init ding + _snd (Remastered),Microstoria,1996,231200,18,0.15,0.736,0.0331,0.746,0.123,-21.252,0.0379,78.556
150,7ywbNMkliFSDws8oX3AxhG,Sleepy People / Network Down,init ding + _snd (Remastered),Microstoria,1996,327693,18,0.261,0.874,0.053,0.889,0.123,-29.286,0.0391,71.229
151,2DYChoOS2sphyv9qrMplhO,Teil Zeit,init ding + _snd (Remastered),Microstoria,1996,340466,17,0.228,0.93,0.045,0.898,0.1,-34.337,0.0482,69.825
152,34YNhXhB5I8wnDvEof5j3F,Per Formal,init ding + _snd (Remastered),Microstoria,1996,310666,17,0.194,0.853,0.124,0.968,0.078,-26.848,0.0765,70.223
153,2uoksnu3gykoB2u9PqtWr7,Feld 1,init ding + _snd (Remastered),Microstoria,1996,287973,16,0.249,0.971,0.216,0.904,0.109,-23.842,0.0428,94.338
154,0jesDUzrfhZyjFRuZ4lVYL,Endless Summer NAMM,init ding + _snd (Remastered),Microstoria,1996,279600,16,0.178,0.984,0.0862,0.953,0.0968,-23.25,0.0341,48.315
155,2Gyz7BDfEA65ORYHPUgc5w,Work Place,init ding + _snd (Remastered),Microstoria,1996,307026,15,0.122,0.847,0.00745,0.943,0.109,-35.241,0.0426,60.976
156,6nCPksvEUf5WocQ8iP0aIa,Bpi,init ding + _snd (Remastered),Microstoria,1996,237400,15,0.268,0.615,0.187,0.9,0.0884,-23.44,0.0487,77.537
157,1wXDdzAchPxeVJLRU3dMWU,Quit Not Save,init ding + _snd (Remastered),Microstoria,1996,170666,14,0.291,0.645,0.279,0.941,0.11,-23.898,0.0532,91.311
158,4vghTALvf6YWiS81jYTSSa,A Flor de Piel,A Flor de Piel,Montañera,2023-11-17,215000,30,0.383,0.506,0.249,0.397,0.13,-15.862,0.0331,109.708
159,2SEzK4G8haENuftMtWhpzS,Vestigios,A Flor de Piel,Montañera,2023-11-17,256000,26,0.171,0.669,0.188,0.447,0.195,-14.137,0.0333,80.902
160,3cxeuBMPyRbotbNjshcHmb,Santa Mar,A Flor de Piel,Montañera,2023-11-17,264000,27,0.721,0.366,0.431,0.000271,0.245,-10.318,0.039,120.048
161,7hjnkLjcqQ0Ck4tBcM74Vh,Tú - El Borde de Mi Arista,A Flor de Piel,Montañera,2023-11-17,286000,24,0.383,0.717,0.283,0.536,0.112,-15.271,0.0365,119.769
162,1aL1MzkHhfFJ8Sd2Ge392C,Como Una Rama,A Flor de Piel,Montañera,2023-11-17,204000,23,0.282,0.869,0.279,6.39e-05,0.215,-9.922,0.0318,87.352
163,4I8F7KfdfceJBcT9HniP1K,Bajar,A Flor de Piel,Montañera,2023-11-17,355000,23,0.171,0.839,0.254,0.00893,0.0883,-14.389,0.0314,74.545
164,4SHMCUMkKMJMLoT9VKLqcl,Me Suelto al Riesgo,A Flor de Piel,Montañera,2023-11-17,260000,22,0.501,0.913,0.181,0.216,0.0909,-16.072,0.0341,106.823
165,4M56DNMdZ1FlXV1KrsuU3R,Un Día Voy A Ser Mariposa,A Flor de Piel,Montañera,2023-11-17,380000,23,0.184,0.443,0.293,0.444,0.125,-14.862,0.0344,127.109
166,2S92ugdRMELqy1lCc6rhpp,Cruzar,A Flor de Piel,Montañera,2023-11-17,325000,20,0.186,0.892,0.155,0.489,0.111,-21.125,0.0433,74.3
167,4vghTALvf6YWiS81jYTSSa,A Flor de Piel,A Flor de Piel,Montañera,2023-11-17,215000,30,0.383,0.506,0.249,0.397,0.13,-15.862,0.0331,109.708
168,2SEzK4G8haENuftMtWhpzS,Vestigios,A Flor de Piel,Montañera,2023-11-17,256000,26,0.171,0.669,0.188,0.447,0.195,-14.137,0.0333,80.902
169,3cxeuBMPyRbotbNjshcHmb,Santa Mar,A Flor de Piel,Montañera,2023-11-17,264000,27,0.721,0.366,0.431,0.000271,0.245,-10.318,0.039,120.048
170,7hjnkLjcqQ0Ck4tBcM74Vh,Tú - El Borde de Mi Arista,A Flor de Piel,Montañera,2023-11-17,286000,24,0.383,0.717,0.283,0.536,0.112,-15.271,0.0365,119.769
171,1aL1MzkHhfFJ8Sd2Ge392C,Como Una Rama,A Flor de Piel,Montañera,2023-11-17,204000,23,0.282,0.869,0.279,6.39e-05,0.215,-9.922,0.0318,87.352
172,4I8F7KfdfceJBcT9HniP1K,Bajar,A Flor de Piel,Montañera,2023-11-17,355000,23,0.171,0.839,0.254,0.00893,0.0883,-14.389,0.0314,74.545
173,4SHMCUMkKMJMLoT9VKLqcl,Me Suelto al Riesgo,A Flor de Piel,Montañera,2023-11-17,260000,22,0.501,0.913,0.181,0.216,0.0909,-16.072,0.0341,106.823
174,4M56DNMdZ1FlXV1KrsuU3R,Un Día Voy A Ser Mariposa,A Flor de Piel,Montañera,2023-11-17,380000,23,0.184,0.443,0.293,0.444,0.125,-14.862,0.0344,127.109
175,2S92ugdRMELqy1lCc6rhpp,Cruzar,A Flor de Piel,Montañera,2023-11-17,325000,20,0.186,0.892,0.155,0.489,0.111,-21.125,0.0433,74.3
176,4vghTALvf6YWiS81jYTSSa,A Flor de Piel,A Flor de Piel,Montañera,2023-11-17,215000,30,0.383,0.506,0.249,0.397,0.13,-15.862,0.0331,109.708
177,2SEzK4G8haENuftMtWhpzS,Vestigios,A Flor de Piel,Montañera,2023-11-17,256000,26,0.171,0.669,0.188,0.447,0.195,-14.137,0.0333,80.902
178,3cxeuBMPyRbotbNjshcHmb,Santa Mar,A Flor de Piel,Montañera,2023-11-17,264000,27,0.721,0.366,0.431,0.000271,0.245,-10.318,0.039,120.048
179,7hjnkLjcqQ0Ck4tBcM74Vh,Tú - El Borde de Mi Arista,A Flor de Piel,Montañera,2023-11-17,286000,24,0.383,0.717,0.283,0.536,0.112,-15.271,0.0365,119.769
180,1aL1MzkHhfFJ8Sd2Ge392C,Como Una Rama,A Flor de Piel,Montañera,2023-11-17,204000,23,0.282,0.869,0.279,6.39e-05,0.215,-9.922,0.0318,87.352
181,4I8F7KfdfceJBcT9HniP1K,Bajar,A Flor de Piel,Montañera,2023-11-17,355000,23,0.171,0.839,0.254,0.00893,0.0883,-14.389,0.0314,74.545
182,4SHMCUMkKMJMLoT9VKLqcl,Me Suelto al Riesgo,A Flor de Piel,Montañera,2023-11-17,260000,22,0.501,0.913,0.181,0.216,0.0909,-16.072,0.0341,106.823
183,4M56DNMdZ1FlXV1KrsuU3R,Un Día Voy A Ser Mariposa,A Flor de Piel,Montañera,2023-11-17,380000,23,0.184,0.443,0.293,0.444,0.125,-14.862,0.0344,127.109
184,2S92ugdRMELqy1lCc6rhpp,Cruzar,A Flor de Piel,Montañera,2023-11-17,325000,20,0.186,0.892,0.155,0.489,0.111,-21.125,0.0433,74.3
185,6gd7PiUcQ8vrctWo7OCQMD,Opening,Philip Glass Solo,Philip Glass,2024-01-26,357000,47,0.284,0.993,0.131,0.922,0.0923,-25.559,0.0412,76.444
186,1SUcRc7EEIoKl4aGkpSkiu,Mad Rush,Philip Glass Solo,Philip Glass,2024-01-26,995000,43,0.188,0.987,0.126,0.893,0.0994,-24.212,0.0357,85.951
187,5Xer4tYkamfeLandOkn43l,Metamorphosis 1,Philip Glass Solo,Philip Glass,2024-01-26,446000,40,0.269,0.984,0.0406,0.837,0.0753,-28.633,0.0622,126.026
188,68iz4TWSC6w97xW1JWyZpK,Metamorphosis 2,Philip Glass Solo,Philip Glass,2024-01-26,451250,39,0.311,0.992,0.0568,0.892,0.0791,-26.827,0.04,116.341
189,5TIQV3QgIgl2Tt179jBf4x,Metamorphosis 3,Philip Glass Solo,Philip Glass,2024-01-26,377375,38,0.263,0.992,0.114,0.946,0.106,-23.643,0.0366,83.138
190,1SqvWAc26fzOIzmumJq29F,Metamorphosis 5,Philip Glass Solo,Philip Glass,2024-01-26,329062,37,0.288,0.989,0.0479,0.852,0.0783,-29.562,0.0617,116.586
191,5liS8eUMNQ1V3PRDBFrz7f,Truman Sleeps,Philip Glass Solo,Philip Glass,2024-01-26,279000,38,0.259,0.989,0.0605,0.872,0.121,-27.498,0.0418,69.217
192,3tI4WTrUoHgsPAvdtBDqNM,She Waits On Temple IV,Temple IV,Roy Montgomery,1996,727933,28,0.227,0.992,0.198,0.887,0.0792,-19.353,0.0347,82.561
193,4pWpjPVqXP2wWTcm58PKKY,Departing the Body,Temple IV,Roy Montgomery,1996,303733,26,0.279,0.588,0.268,0.893,0.0655,-12.65,0.0379,74.977
194,3qtE2HvFndz2slgVbNQDbB,The Soul Quietens,Temple IV,Roy Montgomery,1996,188400,26,0.223,0.99,0.225,0.973,0.107,-21.702,0.0276,97.738
195,6u6mFxwuyR3Xwqex0yMzZA,The Passage of Forms,Temple IV,Roy Montgomery,1996,570800,23,0.174,0.909,0.478,0.978,0.111,-17.516,0.0374,109.608
196,3e67d3NDm0eVe4v4wqRg5I,Jaguar Meets Snake,Temple IV,Roy Montgomery,1996,474800,24,0.28,0.33,0.216,0.681,0.206,-12.109,0.0376,74.657
197,4Oa6hJgVp1gUU9c6CH1KTs,Above the Canopy,Temple IV,Roy Montgomery,1996,885400,21,0.315,0.987,0.459,0.79,0.113,-12.803,0.0429,113.148
198,31z4SijEtmgf5vgGnRnFP6,Jaguar Unseen,Temple IV,Roy Montgomery,1996,144693,36,0.426,0.903,0.107,0.96,0.0908,-20.762,0.0431,80.506
199,5ioKCCMtdKWLS2JwicE9T0,99th Dream,99th Dream,Swervedriver,2024-01-19,326720,31,0.259,0.00441,0.837,0.000341,0.383,-10.663,0.0479,156.66
200,27Fgh9FKpqhY2PxNweTPxH,Up From The Sea,99th Dream,Swervedriver,2024-01-19,203505,27,0.329,0.00103,0.863,2.3e-05,0.476,-9.457,0.0582,122.187
201,6pRshkW2gtDfKIs70JV71u,She Weaves A Tender Trap,99th Dream,Swervedriver,2024-01-19,222373,26,0.311,0.0355,0.431,0.381,0.0989,-12.491,0.0315,141.416
202,7pipwVohFXonU50fk5CvUL,These Times,99th Dream,Swervedriver,2024-01-19,200992,29,0.481,0.000209,0.754,0.00623,0.128,-11.058,0.0326,117.095
203,7yIr4UjiWaIlpUWQAk1XnT,Electric 77,99th Dream,Swervedriver,2024-01-19,456166,25,0.256,0.00813,0.534,0.319,0.118,-11.616,0.0361,140.852
204,3eyhj1VQl8AyU8ERtn5kdj,Stellar Caprice,99th Dream,Swervedriver,2024-01-19,226047,24,0.365,0.000482,0.592,0.794,0.24,-12.317,0.0379,109.861
205,0P0dApOmEVgzuCe15ELNQG,Wrong Treats,99th Dream,Swervedriver,2024-01-19,262882,24,0.386,0.00487,0.457,0.000506,0.249,-11.529,0.0331,135.883
206,0C6IJY7EFQCyzKdEO0yQEn,You've Sealed My Fate,99th Dream,Swervedriver,2024-01-19,232399,22,0.218,7.42e-05,0.841,0.000289,0.125,-10.606,0.0554,124.972
207,2n4Mo2Ho30YEqm1hlgjjqF,In My Time,99th Dream,Swervedriver,2024-01-19,272133,21,0.408,0.000441,0.656,0.103,0.398,-10.444,0.0418,118.094
208,1kcyR05RPeLsCFgRQy497i,Expressway,99th Dream,Swervedriver,2024-01-19,213318,21,0.356,0.0464,0.567,0.353,0.135,-12.611,0.0365,167.846
209,6i6iUZrd34rhh9oOcjIx8Y,Behind the Scenes of the Sounds & the Times,99th Dream,Swervedriver,2024-01-19,424462,23,0.358,3.08e-05,0.867,0.0554,0.0791,-10.463,0.0561,135.671
210,4187MXdxM1yqCl0NdRmbnk,Why Say Yeah,99th Dream,Swervedriver,2024-01-19,193343,21,0.332,1.88e-06,0.795,0.58,0.201,-10.708,0.0494,110.784
211,2uJiXfmP6WDs7Skqw73oO4,93 Million Miles From The Sun (..and Counting),99th Dream,Swervedriver,2024-01-19,209199,22,0.223,0.0156,0.648,0.0,0.235,-10.985,0.0344,153.298
212,74VRobTt1YUJOx8erKa1kM,The Director's Cut of Your Life,99th Dream,Swervedriver,2024-01-19,280643,23,0.323,0.000307,0.699,0.153,0.204,-10.89,0.0331,164.092
213,0Kv8VBuI79GtAXSOwL5ovO,Straight Thru Your Heart,99th Dream,Swervedriver,2024-01-19,246700,25,0.441,0.0434,0.76,0.0629,0.175,-9.42,0.0396,145.363
214,3tP2P4KybC9wYVI8Pe41GT,Wall Of Eyes,Wall Of Eyes,The Smile,2024-01-26,305946,68,0.54,0.811,0.37,0.88,0.104,-14.859,0.0362,141.69
215,6o2yIQVzajJjRrgICzcfAf,Teleharmonic,Wall Of Eyes,The Smile,2024-01-26,310440,68,0.393,0.642,0.437,0.883,0.0968,-15.328,0.0366,173.917
216,4WlKWgWG030Cpatn5P6uGE,Read The Room,Wall Of Eyes,The Smile,2024-01-26,314440,68,0.546,0.381,0.646,0.729,0.092,-10.915,0.0283,123.084
217,0S8AJYklLvEHIA6J2Mfirx,Under Our Pillows,Wall Of Eyes,The Smile,2024-01-26,374040,66,0.251,0.0959,0.563,0.84,0.114,-12.337,0.0534,88.439
218,4lTLmo9aTyMJ1SoHa63WA6,Friend Of A Friend,Wall Of Eyes,The Smile,2024-01-26,275200,66,0.383,0.567,0.312,0.796,0.107,-12.037,0.0324,123.446
219,1AwmHLaRPX4970KLkbetPb,I Quit,Wall Of Eyes,The Smile,2024-01-26,332053,65,0.484,0.754,0.427,0.942,0.11,-14.505,0.0303,170.036
220,1xnVnK5ZHZaGEZ166eFpNJ,Bending Hectic,Wall Of Eyes,The Smile,2024-01-26,483973,65,0.312,0.583,0.451,0.72,0.107,-10.419,0.0402,114.513
221,7CqPRDUeEPcaAzadljKd38,You Know Me!,Wall Of Eyes,The Smile,2024-01-26,321733,62,0.425,0.992,0.22,0.665,0.0939,-14.343,0.0324,120.036
222,2cJq3u0BRlsGFOYqP9KidJ,Coming Home,COMING HOME,USHER,2024-02-09,195875,68,0.719,0.0853,0.799,0.0,0.0968,-3.693,0.0876,101.099
223,3jK1QRugwuAKAKOrtac7a2,Good Good,COMING HOME,USHER,2024-02-09,247100,68,0.744,0.0388,0.677,0.0,0.106,-4.819,0.108,140.991
224,2FPn9y8gvvrp9gydZmGpvT,A-Town Girl,COMING HOME,USHER,2024-02-09,212575,66,0.714,0.0873,0.728,0.0,0.323,-5.164,0.154,140.079
225,1XY0fx2ZCNPrWYC3GNavRp,Cold Blooded,COMING HOME,USHER,2024-02-09,196290,64,0.626,0.0503,0.559,1.26e-06,0.159,-6.209,0.0675,103.009
226,5brMixqQiQN4D60xmvrSts,Kissing Strangers,COMING HOME,USHER,2024-02-09,188206,72,0.729,0.158,0.577,1.94e-05,0.11,-7.093,0.138,164.931
227,52djc9NgBuA53Okyud2CfZ,Keep On Dancin',COMING HOME,USHER,2024-02-09,191541,64,0.68,0.327,0.657,1.69e-06,0.111,-6.163,0.112,143.935
228,6hKIFYVyCIy9A5Zb3005wX,Risk It All - From the Original Motion Picture “The Color Purple”,COMING HOME,USHER,2024-02-09,201347,65,0.512,0.893,0.256,0.0,0.124,-10.424,0.0293,88.021
229,0V0aCHGKkF4DYLUN9qVKKj,Bop,COMING HOME,USHER,2024-02-09,222985,63,0.476,0.663,0.42,0.0,0.273,-8.839,0.295,82.346
230,5W17fw8CYexMj4XvpM512f,Stone Kold Freak,COMING HOME,USHER,2024-02-09,214662,62,0.615,0.00114,0.858,3.83e-06,0.0945,-3.823,0.0502,170.032
231,6qltYwOOeBPILmT9qYuAYd,Ruin,COMING HOME,USHER,2024-02-09,181646,66,0.606,0.0508,0.57,1.26e-06,0.124,-6.74,0.177,195.825
232,7N19KSnHQ0WedIsU38aUsw,BIG,COMING HOME,USHER,2024-02-09,207845,60,0.68,0.0152,0.916,0.0,0.209,-3.787,0.0452,103.986
233,0vlKJXqCvW05Hb2efMix80,On The Side,COMING HOME,USHER,2024-02-09,183875,62,0.722,0.143,0.62,0.0,0.135,-5.158,0.143,93.984
234,1V4M6wZyVXdxbVDFncQRSj,I Am The Party,COMING HOME,USHER,2024-02-09,219463,61,0.535,0.143,0.631,0.0,0.246,-6.85,0.35,139.178
235,7keq4jvb3VhJPWUzQtK2nl,I Love U,COMING HOME,USHER,2024-02-09,197740,61,0.813,0.0377,0.588,0.0,0.0857,-3.866,0.0406,107.954
236,0SMkyHDWI9vNOCuSAeplj5,Please U,COMING HOME,USHER,2024-02-09,178333,60,0.752,0.103,0.632,0.0,0.157,-5.112,0.0399,139.999
237,2GhDxI6ZVYt4cohYbTnyzc,Luckiest Man,COMING HOME,USHER,2024-02-09,201672,60,0.606,0.0996,0.727,0.0,0.164,-3.539,0.172,143.75
238,01BaeOXz0uIKFV4eMFYEdv,Margiela,COMING HOME,USHER,2024-02-09,224526,59,0.669,0.353,0.648,0.0,0.113,-7.108,0.382,72.094
239,3CyKIKowUMXikHnY0X9Xnz,Room In A Room,COMING HOME,USHER,2024-02-09,137917,59,0.657,0.171,0.657,0.0,0.184,-6.916,0.0809,84.811
240,0RhVfLzcIHZHjMA1KVDiPb,One Of Them Ones,COMING HOME,USHER,2024-02-09,193532,60,0.673,0.031,0.679,0.0,0.114,-5.284,0.0368,90.043
241,0VdJH5Y7LioqkkYoyUI2XX,Standing Next to You - USHER Remix,COMING HOME,USHER,2024-02-09,214760,69,0.661,0.0513,0.824,0.0,0.381,-4.329,0.127,105.993
242,1eFVNyH4oQNk2IUxQJkpJN,Compassion,Compassion,Vijay Iyer,2024-02-02,290720,39,0.213,0.664,0.155,0.869,0.162,-27.369,0.0418,82.918
243,6RJsrmIhOVRyaXMztto2Hh,Arch,Compassion,Vijay Iyer,2024-02-02,373546,38,0.308,0.791,0.273,0.882,0.0986,-21.823,0.0338,96.433
244,7JBt1jGh7sYS1uCHt5kCxR,Overjoyed,Compassion,Vijay Iyer,2024-02-02,472853,37,0.44,0.755,0.352,0.901,0.0986,-20.669,0.0296,102.72
245,6cLDvmIs9HFzFpdhxEaPRk,Maelstrom,Compassion,Vijay Iyer,2024-02-02,276546,35,0.274,0.667,0.334,0.81,0.0942,-22.39,0.0322,82.542
246,1D42rwI1u5maD2UwlSPCJl,Prelude: Orison,Compassion,Vijay Iyer,2024-02-02,223933,35,0.442,0.913,0.019,0.679,0.078,-29.248,0.0437,54.276
247,13IIT8eCdZArowxI9pkPjn,Tempest,Compassion,Vijay Iyer,2024-02-02,384173,35,0.381,0.657,0.359,0.89,0.0913,-20.17,0.0373,99.737
248,39mPdAXRnXxxcfY8KzEXd9,Panegyric,Compassion,Vijay Iyer,2024-02-02,390576,33,0.345,0.829,0.194,0.901,0.0905,-22.505,0.0303,108.606
249,35f6MCVgCfUFI8IALPShhk,Nonaah,Compassion,Vijay Iyer,2024-02-02,152373,32,0.287,0.447,0.395,0.701,0.0966,-20.119,0.0565,68.242
250,3Is5xgW8eUYXgCadLBFjYH,Where I Am,Compassion,Vijay Iyer,2024-02-02,344826,32,0.356,0.815,0.187,0.877,0.103,-22.784,0.0338,116.164
251,6yFFEzxmLg9C7HQtOtMWla,Ghostrumental,Compassion,Vijay Iyer,2024-02-02,398493,32,0.309,0.664,0.32,0.833,0.108,-21.243,0.0378,171.581
252,4hLF7233eBrcJGLybvxsfO,It Goes,Compassion,Vijay Iyer,2024-02-02,189986,32,0.503,0.992,0.0048,0.896,0.113,-28.785,0.0443,70.949
253,1s35Qq2nSAn2B15BIp8YdV,Free Spirits / Drummer's Song,Compassion,Vijay Iyer,2024-02-02,434653,31,0.355,0.778,0.284,0.89,0.118,-23.32,0.0373,105.639
254,1eFVNyH4oQNk2IUxQJkpJN,Compassion,Compassion,Vijay Iyer,2024-02-02,290720,39,0.213,0.664,0.155,0.869,0.162,-27.369,0.0418,82.918
255,6RJsrmIhOVRyaXMztto2Hh,Arch,Compassion,Vijay Iyer,2024-02-02,373546,38,0.308,0.791,0.273,0.882,0.0986,-21.823,0.0338,96.433
256,7JBt1jGh7sYS1uCHt5kCxR,Overjoyed,Compassion,Vijay Iyer,2024-02-02,472853,37,0.44,0.755,0.352,0.901,0.0986,-20.669,0.0296,102.72
257,6cLDvmIs9HFzFpdhxEaPRk,Maelstrom,Compassion,Vijay Iyer,2024-02-02,276546,35,0.274,0.667,0.334,0.81,0.0942,-22.39,0.0322,82.542
258,1D42rwI1u5maD2UwlSPCJl,Prelude: Orison,Compassion,Vijay Iyer,2024-02-02,223933,35,0.442,0.913,0.019,0.679,0.078,-29.248,0.0437,54.276
259,13IIT8eCdZArowxI9pkPjn,Tempest,Compassion,Vijay Iyer,2024-02-02,384173,35,0.381,0.657,0.359,0.89,0.0913,-20.17,0.0373,99.737
260,39mPdAXRnXxxcfY8KzEXd9,Panegyric,Compassion,Vijay Iyer,2024-02-02,390576,33,0.345,0.829,0.194,0.901,0.0905,-22.505,0.0303,108.606
261,35f6MCVgCfUFI8IALPShhk,Nonaah,Compassion,Vijay Iyer,2024-02-02,152373,32,0.287,0.447,0.395,0.701,0.0966,-20.119,0.0565,68.242
262,3Is5xgW8eUYXgCadLBFjYH,Where I Am,Compassion,Vijay Iyer,2024-02-02,344826,32,0.356,0.815,0.187,0.877,0.103,-22.784,0.0338,116.164
263,6yFFEzxmLg9C7HQtOtMWla,Ghostrumental,Compassion,Vijay Iyer,2024-02-02,398493,32,0.309,0.664,0.32,0.833,0.108,-21.243,0.0378,171.581
264,4hLF7233eBrcJGLybvxsfO,It Goes,Compassion,Vijay Iyer,2024-02-02,189986,32,0.503,0.992,0.0048,0.896,0.113,-28.785,0.0443,70.949
265,1s35Qq2nSAn2B15BIp8YdV,Free Spirits / Drummer's Song,Compassion,Vijay Iyer,2024-02-02,434653,31,0.355,0.778,0.284,0.89,0.118,-23.32,0.0373,105.639
